"Guess it's time to go to work now   at least it's Friday",0
"she leaves me today to go to Seattle  im not a happy camper right now...  Morning Twitts!!! ;)",0
"Slightly P-O'ed this morning that CW isn't renewing &quot;The Game&quot; and &quot;Everybody Hates Chris&quot;, now Tyra's the only sista holdin it down ",0
"i miss UK . wanna go back there ",0
"I just got off HEX.  Hope the Internet works tomorrow!",0
"@kirstyrawrr not really  it keept raining in Sydney and my hair got wet and it get so annoying Lol. How bout you?",0
"@philsherry I'm actually turning green here, I'm that jealous ",0
"@natalietran sounds good..but stuck in Brisbane ",0
".@MyInnerJules oh sorry i wasn't saying that, just that American society is violent ",0
"#followfriday no idea what it is or why but I joined a cue once because I thought it might be something good and it was for cheap bananas ",0
"OMG.........Another day of rain.  5 Stright days in a row.  And of course this weekend I pick to have a Yard Sale.  ",0
"isn't feeling to wonderful ",0
"It really sucks that one can not customize UIKeyboardTypeNumberPad  Have to draw my own keyboard bah!",0
"@NiallBlackburn ah gutted I was hoping I'd be back in time for that, whats up with having it so early  *is grumpy*",0
"@MissTrueStar too much information ",0
"i think i sprained my ankle ",0
"stuck at the airport in jax because of troubles with a flight before us....and that affects our flights ",0
"@CatherineDay Sad face  Still, getting it repierced should be fun, scar tissue an' all.... ouch :S",0
"The rain messed up my decorated car ",0
"trying 2 paint nails, decides to stalk amanda on twitter only to find she doesn't exist to her  dreams slowly die",0
"@Satise01 dunno if im gonna go now, cba LOL gonna be another boring weekend. ",0
"Windstream Internet is still down.  I was on the phone with them an hour yesterday! What to do today without Internet?!?",0
"I'm working out then going into the office on this beautiful day ",0
"Have to work all Memorial Day weekend ",0
"@Tripdash Oh jeez.. Tell him all the best from me ",0
"has much to do today.  And missing a field trip ",0
"Ugh...such a hangover ",0
"Is just confused... and sad... David is no longer the Doctor!! *cries* The 10th Doctor's reign is over.  Bring on Matt Smith!",0
"it's raining ",0
"http://twitpic.com/5oq7k Testing twitpic, I can't make it work from mobile ",0
"So kings has been cancelled  someones gonna burn for that one.....lol",0
"@hieuieez very true u havent been on for a while and also havent blogged ",0
"@bbombf yea i no ",0
"One more business day before grades are due    Six &quot;items&quot; left to grade. Hoping to have only one left by the end of the day.",0
"Off school again ;D &amp;+ Mwaahh ha ha haaa, on my brothers lappy...crap...they're home now  bummer people, absolute bummer. x",0
"@lohigh420 maryjane and i are thinking of you honey!  dont worry a three dayer is headed your way and then its on like donkey kong!",0
"We are now blocking wikispaces. Must send links to your specific wiki for it to become unblocked ",0
"Oh hey strep throat. Thanks for ruining my weekend. ",0
"@kidsfashion having trouble finding my KFR email  If I am not too late would you mind sending to me again!? Ill get on it right away.",0
"@PoloBandit my laptop is actin like its on crack, it was just fine last night now it wont start the right way ",0
"oh fucken BOOOOOOO!! told to turn the music down ",0
"5am bedtime ",0
"friday gimmick in the office  but always looking forward for the weekend!",0
"Just woke up, must have been asleep for 14 hours. CG-Podcast is on hiatus till im well. Im too weak and contagious ",0
"@ChesterBe Hi Chaz I love your glasses but I don't know what kind of brand are.Please answer  This is the picture http://twitpic.com/5oq4y",0
"@jameseh they wouldn't allow the car in without a full V5.  ours didnt arrive in the post before leaving  #dumball",0
"@dewaldbotha thing is, kohana has much more to offer according to that criteria than CI ",0
"Gonna go clean the shower soon!    Wish me luck! I HATE cleaning the shower! ",0
"@kissability **hugs***   I know that feeling sweetie.     Let me know if you need a should hon.",0
"I love using mobile twitter, too bad i cant afford it ",0
"I got 8 blisters in total from Wednesday's 2-hr escapade ",0
"didn't enjoy being woke up by the postman this morning, especially since he had gone by the time i got to my front door ",0
"oh hold on it didnt work  dont worry haha",0
"Up early dealing with car issues this morning... Oy ve! I wish I knew more about cars! ",0
"Whoa, you kids are all up early, @mikeyil, @lunatechie, and so on... I'm awake! But sad/angry/dissapointed in FedEx. ",0
"about to hop on the bus and go to school ",0
"@TGIF At least I don't have to work until late tonight...Friday's are a pain. ",0
"Why does it take ages to break in a new pair of Converse?  My poor feet",0
"This is so sad... ",0
"witnessed a nightmare baseball game last night.. we lost a 6-0 lead in the LAST inning to a 9-7 comeback.. now they're done ",0
"is going to do some wake boarding because of the non-wind ",0
"Scanned 659 articles potentially interesting for CSFs of Mobile Software Markets usng ISI Web of Knowledge and customised query. 2 hits ",0
"sitting at my boyfriends house boreeeeeddddd sitting on the net ahahah  kill me",0
"@HitzProductions  boooooooooo  well thanks anyways ",0
"Gr8 Raininggggggggggggggggggg im going to get wet ",0
"@RandomMonkey3 1. UH HUHS SURES X ) 2. HAPPY BDAY TO YOU!! 3. AWWWWWWS   BUT OWELLS!!! ",0
"@galooph Trade you. I'm at a desk. Writing endless documentation. ",0
"@SunshineeKiid nawwws  well mine was pretty good, went to the beach, wrote &quot;Kirsty ?'s Shaun Diviney&quot; in the sand and yeah ",0
"@SubVee But I have been duped into thinking it's a system font - doesn't work on Mac's! ANNOYING! ",0
"i miss youuuuuuuuu ",0
"http://bit.ly/hdvNh  I WAS THERE! fucking awesome concert. i miss bmth ",0
"@endlessblush enchiladas twere yummy-wish I could figure out how to get them out of the baking dish w/o falling apart tho! no margaritas ",0
"i need irnbru. tea just isnt enough ",0
"ugh there's a full day of school today. oh well.  at least i have campbell's class.  but no katie ",0
"wayyyy too tired for work  but I have to go anyway!",0
"matterhorn bobsleds then vegas . Ah , its hella cold ",0
"@rodrigobrod Enjoy the club ",0
"@jamiesmart Simon used to bury my 'My Little Pony's' ",0
"My god. I have the worst headache ever ",0
"@cristina_dr I MISS YOU SO MUCH.  Move back to Lgv nga! We better be classmates next year. :|",0
"Saw 3 dead oppossums while driving to work.... Yuck ",0
"@BraeScotland I'm sure there's much more to it, but its basically a way of recommending people to follow! Some people do go OTT on it tho ",0
"Working from home...I don't feel well ",0
"Went out in Nice last night, got told off by a Frenchie, went swimming at 3am, slept til 1. Should be beach time, but it's overcast. BOO ",0
"@kec112 im sorry  but im glad i woke you up! I didnt want to leave dreamworld",0
"@kyleandjackieo Those were the first two I looked for  There are so many imposters! I'm glad I know you are you and Geoff is Geoff",0
"Just got in the office... looking at all the paperwork I need to complete for the day... ",0
"@dannygokey Album?! Wow! It's amazing Dad!!! I'm surely gonna but that! I wanna join SHF..  Can I?",0
"went to UP today and it was very tiring. ",0
"@jayteebee  Nightmare. Hope you get back home soon and the 'device' was nothing serious.",0
"Looks like im gonna have the cold for the holiday weekend ",0
"The tanzmanian devil is now on the endangered species list ",0
"Cannot find the picture of me as a kid dancing to MJ ",0
"@g33kgurrl I'm so jealous. We haven's had a night without the kids in months  -- typing #fail on the previous tweet",0
"is amazed at how unfull she feels after her ham salad box ",0
"@DaniPLQ I want Monday back  I hate Friday's it always means work is just around the corner.",0
"@QueenofScots67 Afraid not,  still looking for homes",0
"I AM SO EXHAUSTED!!  I have to go to work still.. I'm so so so tired..... ",0
"i cant sleep ",0
"I should've brought my CHI with me. ",0
"@suziekennedy That IS good. Mine's a VW Beetle and had to have the same without MOT/Service and was �300 ",0
"learnig for the exams....pretty sucks... ",0
"where's the sun go ",0
"@LexiHudgens it's not working ",0
"Hmm. Clearly all the cute NIHers work in buildings that are NOT the Clinical Center. Sad for me. ",0
"not very well today  boo hoo",0
"After thousands of years ngayon lang ulit ako nag-Twitter. College is heavy! ",0
"@sofiaescobar @sofiaescobar Looks like you've got the old Tony back today Maria   See you at the Dance maybe...!? ha! x",0
"just had a nice juicy mango now my tummy hurts ",0
"just came home from a night int he hospital and ii have food poisoning ",0
"@mynameisharry:: That doesn't sound too happy. ",0
"Having a rubbish day, want the Irish bloke to leave me alone, manager off ill so cant palm him off to her ",0
"@JeanneBehr we had looked into getting tix to see the Pens play in Carolina...but way toooo pricey for us   only a 4 hour drive though...",0
"am hungover and work sucks. I need a new job. Also slightly sad not invited to an old friend's wedding tomorrow ",0
"where'd the sun go? ",0
"damn, i left my healthy coffee @ home!  guess i'll go w/this stuff in the room ",0
"damn, i left my healthy coffee @ home!  guess i'll go w/this stuff in the room ",0
"@adiewoo I've had the same headache every day this week ",0
"Had a great night last night, but I am very tired now ",0
"UP early for school... for once. this is a suprise. I wish i was famous  I wouldn't have to go through this whole &quot;school&quot; thing. ",0
"i wanted  them to show fall out boy before i went to school but i knew they wouldn't  but they talked about them...",0
"And it's my baby brother's last day of High School!    I can't believe he's graduating",0
"is tired from yesteday's workout still.  Can't sleep at work, though.  ",0
"my vista night getting worse ",0
"@camiknickers 'can you feel me pumping in you?'     ",0
"is still working for the weekend, no golf this weekend ",0
" Didn't get to do some car scheming tonight. sad. but i did get to mosh while looking like a complete bogan, WOOTS!",0
"idotutorials.com has crashed, i believe. ",0
"@DubarryMcfly aww lucky u am not even doing anything at the mo   loveyoufletch xxxxxx&lt;3",0
"im working on 6 hours of sleep over two days fuck im sleeping hard n long tonight lol ..my feet are hurting ",0
"I spent four hours theis morning @ the hospital,I hade a virus couldnt sleep since yesturday   http://twitpic.com/5oqdh",0
"Ugh...almost forgot....Jasper has a Vet appt today to make sure his paw isn't broken   Wish us luck!",0
"is so very poor ",0
"nooo... we didnt see him. when the point was coming home earlier to see him!! ",0
"@ShontaeB hope so too but it's on the way  happy friday!!!",0
"Jack has a slight temp! He's not a happy bunny! Poor baby ",0
"@JonMWelch It's them kind of straws that I cling to... Keep me going. ",0
"@kdbennett I'm free all weekend I think.. ",0
"jst woke up. im tiredz ",0
"Venesection completed at last.  Soon off home 2 relax 4 the rest of afternoon. Need a proper coffee - hospital wet stuff is NOT coffee ",0
"I walked out of #dunkindonuts with my coffee but got to work and realized I left my Boston Kreme on the counter  FAIL",0
"@ny_stargirl hey, i miss you on msn  Where are you???",0
"is cold.. bored... hungry... and wants to go homeeeeee ",0
"My grandpa looks so skinny, i thought he's some sort of skeleton  i want him to live longer...amazingly, he's still fit and he's fore ...",0
"Eu bem que queria ir ao show do Jorge Ben. ",0
"@Nixster27 needle  im really hungry but my leaflet says not to eat till numness completely gone.",0
"I can't respond to any facebooks, emails, or texts other than Twitter text. Call me if you need me. I need a new iPhone ",0
"hates waiting for emails! ",0
"Last day at work for a week! I'm excited! To bad it's suppose to rain all weekend ",0
"I miss him, I do. ",0
"sending the little one off to the beach with the MIL for the weekend....I hate worrying about him when he�s away ",0
"@SantriseNicole hey sexy lady. You were all busy my last day there.  Does Chicago miss me?",0
"@LisaWainaina  _ .    damn it you killed my exclamation mark ",0
"stuggling with &quot;the decision&quot; with my cat, &quot;Boy&quot;... not a good day at the Rodina's--- on my 2nd make-up app this morning ",0
"@choonyee not any better yet  i have been so very good ok. u can ask my teachers. lol",0
"fuck I missed FOB lol ",0
"i must learn ",0
"Gettting ready to go to work!!! Yeah Friday! Hoping not to make the Boss Lady mad...... ",0
"car failed its MOT  housebound till its fixed ",0
"need to pack for liverpool tonight. i wish @Rainbow_shots was coming with me too!! ",0
"For some reason I was wide awake at 6:00 this morning even though I didn't go to bed until after 3:00.  Sad day...no sleep.  ",0
"i swear god hates me or something...its storming down in florida and storming on mem day, we planned to go to disneyworld that day  FML",0
"today, i am nervous.because i have an exam next week. i don't want to review it,but i want to pass the exam !!! ",0
"Just wake up recently and find myself has study NOTHING for the next exam ",0
"Just leaving Leatherhead heading back to the East Midlands on a Bank Holiday Friday, M25, M1, what a bummer! ",0
"@tee_tha lucky u .. i slept at 3 n woke up by 9 ",0
"@JGFMK oh, and sadly it's not as straightforward as an ankle. Cruciate ligament in knee  Thx for the sentiment tho!",0
"I wish I could go back to sleep. ",0
"OMFG ??????? ?????? hardcore day  ??? ??? ??????????? ?? ?????? ?????? ???????? ???-?? ??????, ?????? ? ???????.. not nice",0
"@_elj only wish my graze box had been delivered ",0
"Watching the Pokerstars on TV  Strange the odds of winning these tournaments is now almost considered impossible ",0
"@SiKByTcH I know u wudnt. Ugghh. I was a drunk mess  sorry for any &quot;over the top&quot;ness. I don't have a sent box, but I'm sure I was dumb",0
"@scalps I just completely realized that I... will never not love fandom ",0
"@greekpeace sry sweetie  you need anything? Always here for u",0
"In the car waiting for everyone. The seat belt is hurting my sunburn ",0
"@Plip that's never a good thing ",0
"@IFoughtTheFloor Indeed. The house of the holy trinity shall have to wait a bit longer ",0
"I want another electric blanket, my other one broke  ohwell, I suppose that's what you get for jumping on the bed..",0
"C'mon coffee, please start working. ",0
"I'm at school 20 minutes early  poooo",0
"@laurens33 I would love to leave my windows open at night, but I have major allergies to everything floating around in the night air! ",0
"Going to ride 2 horses. My friend can't ride her horse, cause she has breast cancer! ",0
"better start heading off for programming exam..... fuuucccckkkkk not going to go well ",0
"struggling with &quot;the decision&quot; with my cat, &quot;Boy&quot;... not a good day at the Rodina's--- on my 2nd make-up app this morning ",0
"Why does the WHOLE house get into a mess when one room is being done ?? I hate it ",0
"Desperately looking forward to the bank holiday weekend. No work for three days in a row. Woohoo. ...man I need a life! ",0
"doing homeoffice with mac. seems i am rather the pc type ",0
"AWAKE with 1,000,000,000,000,000,000,000,000,000,000,000,000,000 things to do ",0
"i feel really bad i just talked to my parents like they were my slaves, and they were being so nice to me  punish me.",0
"The Hungry horse BBQ on a plate has beaten me  I am le full",0
"@TinaS71 Not sure mine made my passion for this idea clear enough ",0
"Is Poorly ",0
"yay free weekend from soccer...wanna do something but have no money ",0
"@wings2011 mean young but missed the 'n'!!!! blonde day 2day!!!!!  xx",0
"stuff from lunch! ants fault, made me eat all ma food  LOL i was full after having half my fries D: went to mcdonalds btw",0
"always unconfortable to see puppies in animals store's window ",0
"@TheLPFreak poor u  were u at school though?",0
"My grandpa isnt weak, he's strong. He's a man tt can take on a dinosaur if he wants to. He's juz tired, tired of life...  ",0
"stargate is super boring but there is nothing else on tv  http://tinyurl.com/orm8kj",0
"@g33kguy I have been well man!! Missed #dcth last night ",0
"@samuel why d status? i said something which i shudnt haf said. ",0
"Gutted that I wont be able to go to China this fall. Had all sorts of plans for meetups and catch ups....now back to expenses ",0
"@thedownfall: why why why cant we go with your mummy.  that means no shopping. and no strutting down the streets. BWAHHHH! &lt;3",0
"I'm hungry. Apparently my &quot;spill half of dinner on your shorts and the floor&quot; diet has drawbacks beyond staining clothes. ",0
"I now have a fringe and it looks great, but .... I think I've just committed myself to blow drying my hair every single day ",0
"My &quot;Life is what you make it&quot; necklace is MIA ",0
"@TokiWartooth I'm sorry to hear about your father!  *hugs*",0
"Sore head 2day  hope all my tweets are doing ok?",0
"@jordansadler you here? We could have done lunch and rough trade! ",0
"is working at 2 pm ",0
"They gave me 2 drips and a shoot in my a$$ &amp; I stell have a freakin headch but the tommy pain is gone, thank god now I can dreank watter  ",0
"@RobertKazinsky unless its a TV series? IMDB doesn't say ",0
"Wow! Too bad it's not working that good... Slows your Home Screen down A LOT  http://twitpic.com/5oqhx",0
"@kirsttmcfly i can't ",0
"...,this comic makes me really sad  http://bit.ly/HEsQB",0
"Nobody told me about casual Friday. I thought that it only existed on tv ",0
"@tinalam lol im in burrito hole w/asop ykwim?? gona go 2 cooperstown 4 b-fast 2day. they have a waxmuseum but aprntly only basebal stuff ",0
"bored at work...wish i could go to the beach this weekend ",0
"@RonBetta I am lost. Please help me find a good home. ",0
"RIP Hunter. He was hit by a car last night. I will not be making videos today   http://bbltwt.com/6cn8s",0
"wish these boys would get out of my room,I want to sleep ",0
"@ypatten35 @ypatten35 I wish I was going....   ",0
"@godivafestival Website looks the same to me. All last year's content and same design.  We want line up details!",0
"I love my job but I am really wishing that I was out on the Harley Davidson right now instead of in front of my computer ",0
"otherbrittany just asked me if i'm wearing pants. and i said yes. and she sounded really, really let down. ",0
"just got home from hospital. my poor friend was so doped up on dilaudid...poor baby. ",0
"@ColinNeedham He had to have a blood test this morning.... he's been battling a virus for over 4 weeks so they want to check things out. ",0
"What's wrong with Tsel signal? Always at this kind of hour. ",0
"Mission accomplished! Met Damien Rice, got a hug but he doesn't like photos ",0
"sometimes the today show gets me choked up...idk why ",0
"getting confuse*  anybody, help me please ?",0
"@Little_Lin Ear infections seems to be a common problem for dogs  Vet gave us some ear drops to keep as a standby..",0
"Good news is that it's almost the bank holiday weekend. Bad news is that I'm working tomo ",0
"I don't know why I reply to famous people when the last thing I expect is a reply back. Ohh I can't eat my noodles, I feel sick ",0
"getting ready for school... What joy!  but I get our at 1148 si that makes my day so much better!! Jac/B.",0
"Last day of work was yesterday- still woke up at 6 ",0
"Going back for an evil afternoon!  grr..",0
"I'm at work ",0
"wish i could see cobra later  sad times lol",0
"Good morning, Twitter. Good morning, Spring allergies. ",0
"so tired  last real day of school i think lol",0
"@Gaylib1986 hope you're ok! poor little christopher. ",0
"Yes, i'm going crazy.     G: What if I get swine flu :| Right I always get sick ) )  B: I`ll f*ck you... http://tinyurl.com/qwxooe",0
"Looking at Final Builder for Continuous Integration. Cruise Control is just too time consuming and finnicky to set up. More cost  #fb",0
"again, my eyes are hurting ",0
"i feel so bad  this day was... strange and scared me.",0
"@vrinny no  I'm feeling too lazy to drive to austin this weekend. I'd have to leave immediately after work. Plus the tickets were a l ...",0
"@banjira Yep, the system doesn't like your IP (92.202.23.165) ",0
"I wish that Tuscan and Vienna wouldn't wake me up so early  .",0
"Blimey uncle ray! that is bad spelling! and boo to mr leylandii. ",0
"Dear Twitter, I've missed you.  But sometimes it's good to take a break from each other. ",4
"@mizsprieta aw. feel better. im sure youll have a great day ",4
"@RonaldYau Navy blue is a good choice! I really like a lot of colors in the blue family. ",4
"@EP31 dont worry, I'll still follow you even if @pluc drops you ",4
"@HarryPigg gosh Mr Burke, that's very soon! I'm very excited so I imagine that you are too ",4
"Hey all! @mrtreve should be back soon!!! ",4
"has a rather exciting announcement to...er..announce! ",4
"@gniliep really good to have met you, felt young for a while.   Good Luck tomorrow",4
"@rodoula Wow, thanks for giving me a notice! ",4
"I'm so excited. I think Trey and Kiev and Sarah are going to come pick me up.  only downside-&gt;I'd miss the art meeting.",4
"uh oh...well a summer off is nice  What is it you are taking and which school?",4
"checking my mail.... ",4
"@misterlinky Thanks for the reply.  It was just one website and I don't think it was the Linky's fault.  ",4
"@jillianmcdowell Cool  Ya, and in @tweetROI, they'll get paid less as their spam destroys their influence and following.",4
"@TheCroft Epic deflection.  Hope all is well, bud.",4
"ok...today i have done my test and now...relaxxxx  ",4
"@garyvee You told a story at #bigomaha about calling a beer mug salesman and offering blog ad space, etc. Can you link me to it? ",4
"uh uh  jumping up and down of joy &lt;3",4
"Relient k is a really good band  go listen to 'give until there's nothing left'! - http://tweet.sg",4
"Need some new music on my iPhone.. Got any? ",4
"@1sweetwhirl yw hun. You put up some good stuff  Hope you're good.",4
"@amber_benson Ha! You say that now...  BTW, just have to say, I loved Ghosts of Albion. &lt;/fangirl moment&gt;",4
"I'm ready for the day!!! I don't want to spend my whole life asking &quot;What if I had given everything?&quot; ",4
"@architeuth1s Been here for a while  lol.. sock. such a tard. Coffee is the Devil!! lol",4
"@GeminiAce A gnat could do your &quot;heavy lifting&quot; ",4
"Goodmorning tweets! Putting on my eyelashes ",4
"wasn't in the mood for &quot;the breakup&quot; so changed to Music &amp; Lyrics. i wasn't gonna call in love again but then pop goes my heart ",4
"@okieBubba No, no, you're doing it wrong. &quot;There be only 127 days 'til ye be speakin' like a pyrat!&quot; Gotta practice. ",4
"@mikegrant Short sleeves, black shirt, works for my bff  Wait... not sure if he knows there are colours other than black lol",4
"@mrsexy1   so watz new?",4
"@karinejoly Re photo, the original is one of my favs, includes my partner Voltaire. My wife loved the photo of me, we cropped him out. ",4
"@heartcornbread i am truly excited! You ladies give off the most beautiful vibes  I will def be bringing u with us in my pocket",4
"@jenwcom ! It means we should live closer to each other, or at the very least visit on a semi-regular basis!   Hotlanta, here I come! ",4
"@stijndm I second that ",4
"@ pspice26: oh my.  what bia are u talkin about?  do we need to rally the troops n take the bia out?  ",4
"@ArsenalSarah I have a terrible habit of thinking my sarcasm is funny and in truth it's usually only funny to me ",4
"@thebadhousewife It is, and I am. My wife said &quot;I bet they're setting you up to take a fall&quot;.. she's so supportive  She cracks me up",4
"Unexpected package of fan mail arrived via my kiddo from school's Career Day visit. Very touching &amp; humbling. ",4
"make your life easier @jokoness   go get tweetdeck already",4
"@iAlejandro WOW I'm replying very late to your Bike to work comment. Yes, FW is doing it to. I think it's great!  Watch out for bikers.",4
"Hee  I was like &quot;GO FIGURE&quot; I'm finally on and you aren't!!",4
"@socialdiva I just signed up for your newsletter! ",4
"@crazycrayon yep yep  I'm in graphic design class. shhh ",4
"@kittenmeow Awwww  *hugs* At least you've got Monkey to look after you! ",4
"@disil429 We women and men need time out sometimes however that is achieved ",4
"@MrGoogleAlerts Thanks a lot! And kudos for being so observant! You really caught me in a time of need ",4
"@lauriek Thanks Laurie. It certainly has been a good year so far. ",4
"Thursday today! That means Friday tomorrow, and ESC semifinal 2 toniiight  Go Azerbaijan!",4
"@schmuttelicious i mean have u heard about that??? ",4
"@cheergod2002 and you don't have a webcam why?? ",4
"@carolynaaa28  so far so good ",4
"@danecook Hey Dane...I saw you on Oprah (sure alot of ppl did) FUNNY ",4
"@madwilliamflint patience, understanding and good will can make wonders ",4
"@mariah005 woah looks like you've flooded yourself following  thanks for that.",4
"@DavidArchie how's the press. con.?  did you answer a lot of questions? XD",4
"@melissagraf sounds like my kind of place ",4
"Hah! My kids enjoy a good tickkle!! I'm happy  sure tonight cannot sleep hehehehehe",4
"ksh scripting today to produce html code to display pGraph graphs from nmon and topasout data. Coming together nicely now. ",4
"@kpupillo @srouser WHAT?! I think following @APStylebook is uber-cool ",4
"@spectrem hey! your vlogcandy video is awesome ",4
"@RobM67 HA, yes choose one of three and i hope it is your wife that makes you decide ",4
"@jonessamonique I've been well. Grinding. Hope all is good with u! I want to hear ur music ",4
"@tommcfly TORI?!!! ",4
"@Momspective I use twitter fox Julie, it's easier.. ",4
"Launch success! Herschel is on it's way to the 2nd Sun-Earth Lagrange point, 1.5 million kilometres from the Earth ",4
"@slrendall keep me away from those jellybeans, shari ",4
"@carriekerpen @theKbuzz Just so you all know, we're winning the WOMMA / Pepsi case study challenge. More later ",4
"Rate limit exceeded......I must be too active......shame on me ",4
"@tamij you've got me rocking at the puter  #hhrs #tcot #hcb",4
"@samjmoody my friend poppy says hello  she's following you but isnta mcfly fan lol xxx",4
"www.momentumtheshow.nl is vernieuwd!! @HollandDance Great Mayumana memories! Love to see you all in Rotterdam ",4
"@LesleyLambert New consumer products at a realtor? You selling igloos and teepees along with houses? ",4
"In class whitt peoplee  just had a testt i think i passed it ",4
"@phantom_roxs Heh, thank you  Hope you're feeling better...I'm trying to get you Andy/Elliot fic, but brain = broken.",4
"It is early but it is all worth it I will be in Washington in 7 hours!! ",4
"irishlynne@ i was very, very drunk  i blame everyone a part from me",4
"@dgoold Yep, one stop shop - they're just a middle man that provides all of the links - easy. Wonder if you can issue a C&amp;D on Tweets? ",4
"@buffysquirrel ... huh.  re: off of.",4
"@KJohnson2003 Thanks for the shout out! ",4
"@imbri re: friday workshop - sounds like fun, I'd be up for it ",4
"@bellamiasalon I don't play cards against the casino, I prefer to play cards with friends that I already know how to read. ",4
"@Jonathancheban well thank you for replying! You have fun today. Stay in touch ",4
"@alanrenouf An hour and 20 mins actually .. but very good ",4
"@chrisbrown902 hey..when is you new graffiti album coming out in the scotland? been waiting for ages...Hahah ",4
"so people are following me...nice to know  ",4
"Wow! @awesm has now done over *1M* clicks on awe.sm and awe.sm-powered links (via &gt;25 custom domains). This shit is for realz ",4
"@collective_soul Goood Morning! Have a safe trip and a great weekend! ",4
"Feeling better and hoping we all allow ourselves to be open to the possibilities ",4
"Good morning my tweets ",4
"if you don't believe me, take @coreyann 's word for it then?  http://www.coreyann.net/blog/?p=438",4
"@smart_kookie haha have fun  ! well im away back to studying - first exam 2moro.  xx",4
"Looking forward to vegas. ",4
"so excited about finishing uni and closing that chapter of my life - ready for new adventures and hopefully some travelling ",4
"@Ryo &quot;The circle is complete&quot; ",4
"@arielvargas Ooh very nice.  Any hardware/driver issues?",4
"When you sit at your desk and blast Lady GaGa work becomes almost bearable. ",4
"@PCRBOYZ That IZ a Fact!!! ",4
"@IdolFanSitenet Well, I voted my freakin' fingers sore... ",4
"@Mando_Diao and sure more to come. btw... i want to win those 2 tickets to munich, haha... ",4
"@grinthock Or Yahoo is dumping Rogers   With the state of Yahoo lately, could be a cash-grab, since Rogers wasn't likely paying full price",4
"@anitarundell kick some tail on the racquet ball court, girl!!!! May the best woman win ",4
"I ? Season 8 but Season 7 is still the best for me!! ",4
"Buenos Dias Amigos! I'm taking my dogs for a walk, then I think I'll go to the gym. and then....no and then. ",4
"Need to go bikini shopping ooh and shoes and shorts and handbags and a slinky evening dress.... ",4
"@lewisshepherd and for you I give matt nathanson's come on get higher!  and zac brown band's chicken fried. Hehe",4
"am soooo freaking happy that kris and adam are in the finale!!! couldn't stop screaming for joy when results were announced ",4
"I'm not living in West Circle anymore, but I'm still working there for a while ",4
"Goodmorning  twitters",4
"@mirdahopkins i have to work tomorrow. i'm off on monday instead ",4
"@jazerstudio its coming bro ... its coming ",4
"@joleneees KRIS ALLEN!!! hes the best, but i hope adam wins so he has to pay simon 40% of his profits! ",4
"Daddy went out to buy me a coke float. Yay! ",4
"@hydro74 http://twitpic.com/55ets - YAY!!!! looking forward to Saturday  D*",4
"@BenFordham ishhhh ok benny boy. plz2bnotmessing with team mcnugget ",4
"@RubenOlsen I still have to make the optimum use of it....still figuring it out. Evernote is a cool tool though ",4
"@jmecss85 I'm so excited you're a twitter fan!! Can't wait to drink with you again soon girly ",4
"@hazekua Danny rocks..  don't like adam too! ",4
"As a former radio personality, I better know my hip hop lines! ",4
"Could David Archuleta possibly be any sweeter!!!! I LOVED the YouTubes of his Phillipine appearances from yesterday ",4
"Yay! I'm alive! hahah done with 2 exams bye MATHS!! ",4
"@NYCphotos thanks. &amp; yes, i believe they are! sooo pretty ",4
"Summer!! Your finally here. I've waited so long for you....this better be good ",4
"@TorreviejaVilla Must admit they do seem to have hit the right note with it, you could almost imagine a mini series  ",4
"@demonick @louispang I believe that the ball is still round and that if there is a slim hope, I still believe in that small hope.  YNWA",4
"On my way to the airport ",4
"@leekingx3 They actually did! I let them run around my dorm room &amp; I could call them out by name. ",4
"@lancegerome Can't explain it that well! Haha! The feeling when there's you're idol! AHH!!  lol",4
"GG's coming up! ",4
"@PFChangRichmond - Awwww yeah! Come on Briny Baird! Sure it's a billion to one chance - but I'm still hopeful. ",4
"10 minutes yay Home Time ooooo can't wait  Bye ppl xx ",4
"@binkette55 @whereismyjetpac @dancinjul @meeshiefeet Glad to know I'm not the only one. Was starting to feel like an outcast for a minute ",4
"@doodlebug38 You lucky ********  lol ",4
"@bunnyovani I hear it's your birthday! I hope it's a good one! You'll be at the DMV today, right? ",4
"@cande99 Thanks! I will definitely take lots of pics to share with everyone! ",4
"Waking up in Boulder!! ",4
".....LOVE free wi-fi at the FLL airport!!!! ",4
"@diegoschokehold yeah I was fine, thanks for caring bud ",4
"And haha no, Pearland and Sugarland probably don't have a relationship. Sugarland is a pretty sweet town, though.  I like it.",4
"@EnoughProject good to connect with you - we have many allies in protection and social justice in this tweet stream ",4
"@LittleOneSE umm this should probably say that your more excited to see me on Saturday then Jeff on Friday  jk Jeff",4
"LeakyCon shopping! Any last requests?speak now or forever hold your peace! ",4
"BDupis at work @teamdell - ugh. ready for the weekend ",4
"@mcanna_girl Fish fed ",4
"http://twitpic.com/55g35 My other life as a burlesque show stage hand ",4
"I'll be giving my vote to Kris Allen to be the next AI ",4
"@singledad4kids Thanks!  Just a single Mom of three here thank you for your articles that have come in handing, emotionally.  ",4
"@JLynnPro o0o0o0ooo What'cha got planned for the weekend? I'm going to Santa Cruz on Saturday! ",4
"@msalonen Thanks Babe - sometimes I do love my job ",4
"@forty4vn ? �i ) mua c?a c�i j ??y 8-&gt; t? m?i mua c�i WD 400Gb ?en thui 2 tu?n tr??c ",4
"@winglygrog you wrote to shane dawson?   you should try destery and nate (desandnate is their youtube). their stuff is so cute!",4
"@tommcfly yayyy  hope you feel better soon  get someone to bring you starbucks ",4
"a good shit, some leftover pizza, and orange juice.hangover gone.  now lets get the day crackin! NY STATE OF MIND PT 2 is tha theme 4 2day",4
"All I do is work work work work work  LOL",4
"@macmuso It's tricky, isn't it? So glad I did mine years ago when there was nothing to do but raise your hand and swear to be good! ",4
"@Willie_Day26 It was great seeing u yet again.... Thx for coming hun ",4
"Organizing a day in Lake Maggiore with my friend and her cousins  Sweet memories...",4
"@ausi1 Wow you are at it quick. 9 minutes early LOL #FF ",4
"@DjDrock that's what's up.. keep me posted ",4
"Woo hoo! Off to Los Angeles today! First big event for @queerlywedweb  - Aiee! ",4
"@NSpirit You have such a baby face! ",4
"@nj_joe good morning ",4
"@Rob_Ham  There's not just one main problem with this place - its lots of little ones and I couldn't cover them here - not enuf room ",4
"@nevasue I hope I can ",4
"@wethetravis http://twitpic.com/54ic5 - Aw, my cat lays on me like that ",4
"welcome to twitter ",4
"@imeanbusiness Give him a squeeze for me. ",4
"@britbisesi did you figure it out yet? ",4
"I'm going to sleep... Wait! It's only 4:51p.m.! So what? I'm going to sleep! ",4
"@loripluna  i knoow. me &amp; my friend SERIOUSLY seriously like him. But I bet Adam's winning. anyway i both like them. ",4
"@TexasFella68 I agree -  glad I have a job, just wish I was from 10 to 2 instead 8 to 5 ",4
"Life is just a bowl of cherries ",4
"@soChesterton aubby! lol. whats up? its sunningly gorgeous outside. i just ate pancakes and eggs.. mm ",4
"Just added a waiting list for next Wednesday's DrinkTank. If you've RSVPd yes and can't come then please change it ASAP as we're FULL ",4
"@yoochild so which Beatle is it? ",4
"@Monkeylover35 gyms are boring...more exciting ways to keep fit   and they don't need expensive equipment that could hurt you",4
"@ftskim @eaa730 you girls are so cute and funny  Haha what happiness between you ",4
"@Chris_Robbins I used @Knny ",4
"@TranquilMammoth Happy B-day ",4
"Goin on the open road with nsn. Wish us luck ",4
"Extending our store hours to 8 p.m. on Sundays. Hooray for an extra hour of shopping! ",4
"@dmgeurts No spoilers from me. But it is the best #LOST episode EVER. ",4
"&quot;Sean Kingston - Fire Burning&quot; rocks ;) Go on, bro ",4
"@CanesSSQ I am excited about all of the above. Especially the grilling. Oh, and Game 7. ",4
"@AmyMc__x I know, their interaction is always really cute! ",4
"@Houssein maybe because it is lost ",4
"sushi time with my ncitooo at sency ",4
"@beeelythe The Enemy always puts me in the good mood, very festivally feeling. Just for future reference. ",4
"There's a party in my Tummy ",4
"Any ideas where I can find up to date search engine usage figures for UK and US (and ROW if possible  )",4
"@SoAkemi awww....thanks girl ",4
"Make each day your masterpiece !! ",4
"@emily0418 yeeey  lol",4
"@jodywink I love you ",4
"I say,root canals for all the charming patients ",4
"at the Y... where are all my friends? ",4
"@DavidArchie yah.... actually, i've seen the results this morning on the net.. by the way, i love your performances on those shows ",4
"@luckee13 go luckee!  have fun keep us updated and remember those poker tips! ",4
"@martylandau Better than a...  Oh, never mind.  ",4
"@jarsofclay i like Jars of Clay so much .. but i listen only the cd's.. have estimates of shows here in Brazil ? ",4
"yay new background makes me smile ",4
"@jelefant I want a kit-studio.  I've got the room for it.  ",4
"Writing... Editing... It's what I do. ",4
"@ifwerantheworld Congrats! You're drumming up some excellent press ",4
"@MenacedChemist Count how many people wearing hats. Or people with pens or pencils in their mouth.  ",4
"@ryancoleman @josephdee Thank you. ",4
"I wish every job were this easy...sitting at the parent's store, drinkin green tea and reading a book!  ",4
"@tommcfly Only 7 days to you come to Brazil! I hope you feels better soon! ",4
"back to doing a little work ",4
"@CrypticFragment Thanks for sharing the great pages you make! ",4
"@RaquelRodriguez I used to teach at an outreach center so teachers had children send thank yous. Like you ... it took several tissues. ",4
"@gorskimc: &quot;A little wake-up music for you  &quot;How To Touch A Girl&quot; - I like that wake-up music! ;-) ? http://blip.fm/~69bi5",4
"thinking about the essay. yayayya thanks google ",4
"Had an amazing morning! I love you shane ",4
"Good morning everyone!  School is almost over!  Ready for summer ",4
"cracking fix, and it should work now ",4
"@choley I got the &quot;you've such a pretty face&quot; comment 4 the better 1/2 of my life...those ppl r idiots and will die lonely lonely lives. ",4
"@abhisekumar what are you doing sir ",4
"Looking forward to our playdate with Ms. J. &amp;  Ms. M! I can't wait to see them! ",4
"@Micrathene That's ok, I think she's sorry. ",4
"http://twitpic.com/55gdp - My mother brought me a very nice Lakshmi present this afternoon. Thank you  X",4
"@trixie360 As soon as you came on Twitter gurrl it needed maintenance! you are just that Powafull! ",4
"@loris_sl Brilliant! I need to get saving... well, earning first, so I can save :-/ But... you know what I mean ",4
"@Foxy_HotSawce Wow!  Mental Skittles... that's so kewl!    Giv thks. ; D",4
"@Street3 Im looking through it right now as a matter of fact!!!  xoxo &lt;3",4
"Celebrating my husband's bday at work with him ",4
"@GenevaMWilgus Looks like your adventures in Tibet are just as wonderful as always. VERY glad for you! ",4
"@silverbell What a cool idea! Unfortunately, there are all too many good books for you to choose from, huh? ",4
"@channahboo yes...jiboo is phish. Who else could write such perfect nonsense? ",4
"&quot;Good morning sunshine. The earth says 'hello'.&quot; (Johnny Depp as Willy Wonka). ",4
"@Esme_Cullen26 Thank youu ",4
"My photography / Is passion for portraiture. / So, hire me, tweeps!  #HaikuThursday #HRVA #photog",4
"@mattnhodges you sure do know how to kick someone when they're down ",4
"Watching Across the Universe  i love my music class.",4
"@Astro_Mike Have a good space walk! geetings from paris ",4
"@ddlovato Have u ever had a point in ur life where u felt helpless and knew u can't change anything because of some idiotic reasons? &lt;3 u ",4
"@stratosphear and about the &quot;6 year old&quot; I just don't feel the need to use it to express my self well enough. ",4
"@jasondeere I say Amen, too!  What a memory! ",4
"@camstl Thank you!!! ",4
"Last Day of College ",4
"Headed to Mitchell-Neilson for the Science Olympiad assembly ",4
"@dramaticmisty haha what? Link please ",4
"@Kymsmiles Just saw u had question regarding blkbrry...ask @SocialPro he's been extremely helpful 2 me! ",4
"@zarkinfrood ha ha, no clue but seems a bit extreme to me even if it does ",4
"@fantomaster SEO for Wolfram would be classified as Semantic Engagement Optimization ",4
"Beleives that it time to play some guitar. &lt;3 Gotta Love the Music &lt;3 @eddieizzard LEGEND  Take Care x",4
"a little 3eb in hampton tonight ",4
"A single dad is way to busy to even post a second long shout out. I need to connect this to my phone. anyways pancakes for the little guy ",4
"@TalindaB  Hello,how are you? I saw new pictures of the LP recording the video and I must agree that it looks very interesting! ",4
"@brittanytastic yeah, I should do that  but I need ice cream right now ",4
"@TommyUrgal : release party tonight  What are you doing tonight ??&lt;3",4
